date,event_type,regime,sectors_available,tickers_selected,weights,turnover,portfolio_value
2007-07-31,rebalance,RECESSION,"XLP, XLU, XLV","XLP, XLV","{'XLP': 0.5, 'XLV': 0.5}",1.0,1000000.0
2007-08-31,rebalance,LATE_EXPANSION,"XLE, XLF, XLP, XLU","XLE, XLP, XLU","{'XLE': 0.33333333333333337, 'XLP': 0.33333333333333337, 'XLU': 0.33333333333333337}",1.3333333333333335,1009320.4583876572
2007-09-30,rebalance,LATE_EXPANSION,"XLE, XLF, XLP, XLU","XLE, XLP, XLU","{'XLE': 0.33333333333333337, 'XLP': 0.33333333333333337, 'XLU': 0.33333333333333337}",0.0,1066877.458130896
2007-10-31,rebalance,RECOVERY,"XLY, XLI, XLF","XLY, XLI","{'XLY': 0.5, 'XLI': 0.5}",2.0,1089158.9321352094
2007-11-30,rebalance,LATE_EXPANSION,"XLE, XLF, XLP, XLU","XLU, XLP, XLE","{'XLU': 0.33333333333333337, 'XLP': 0.33333333333333337, 'XLE': 0.33333333333333337}",2.0000000000000004,1039549.0214383504
2007-12-31,rebalance,RECOVERY,"XLY, XLI, XLF","XLI, XLY","{'XLI': 0.5, 'XLY': 0.5}",2.0,1079620.1526670936
2008-01-31,rebalance,EARLY_EXPANSION,"XLY, XLF, XLI, XLK","XLI, XLY, XLK","{'XLI': 0.33333333333333337, 'XLY': 0.33333333333333337, 'XLK': 0.33333333333333337}",0.6666666666666666,1018435.8868377839
2008-02-29,rebalance,EARLY_EXPANSION,"XLY, XLF, XLI, XLK","XLI, XLY, XLK","{'XLI': 0.33333333333333337, 'XLY': 0.33333333333333337, 'XLK': 0.33333333333333337}",0.0,1026738.6757934912
2008-03-31,rebalance,RECOVERY,"XLY, XLI, XLF","XLI, XLY","{'XLI': 0.5, 'XLY': 0.5}",0.6666666666666666,1005264.1189035866
2008-04-30,rebalance,LATE_EXPANSION,"XLE, XLF, XLP, XLU","XLE, XLP, XLU","{'XLE': 0.33333333333333337, 'XLP': 0.33333333333333337, 'XLU': 0.33333333333333337}",2.0000000000000004,1057830.4260644761
2008-05-31,rebalance,LATE_EXPANSION,"XLE, XLF, XLP, XLU","XLE, XLU, XLP","{'XLE': 0.33333333333333337, 'XLU': 0.33333333333333337, 'XLP': 0.33333333333333337}",0.0,1093529.3179676773
2008-06-30,rebalance,RECESSION,"XLP, XLU, XLV","XLP, XLV","{'XLP': 0.5, 'XLV': 0.5}",1.3333333333333335,1065713.7774026848
2008-07-31,rebalance,EARLY_EXPANSION,"XLY, XLF, XLI, XLK","XLK, XLI, XLY","{'XLK': 0.33333333333333337, 'XLI': 0.33333333333333337, 'XLY': 0.33333333333333337}",2.0,1120144.1343817643
2008-08-31,rebalance,RECOVERY,"XLY, XLI, XLF","XLY, XLI","{'XLY': 0.5, 'XLI': 0.5}",0.6666666666666666,1145398.2363500341
2008-09-30,rebalance,RECESSION,"XLP, XLU, XLV","XLP, XLV","{'XLP': 0.5, 'XLV': 0.5}",2.0,1013102.9507613998
2008-10-31,rebalance,EARLY_EXPANSION,"XLY, XLF, XLI, XLK","XLY, XLI, XLK","{'XLY': 0.33333333333333337, 'XLI': 0.33333333333333337, 'XLK': 0.33333333333333337}",2.0,909161.0041972602
2008-11-30,rebalance,LATE_EXPANSION,"XLE, XLF, XLP, XLU","XLP, XLU, XLF","{'XLP': 0.33333333333333337, 'XLU': 0.33333333333333337, 'XLF': 0.33333333333333337}",2.0000000000000004,844378.8596161718
2008-12-31,rebalance,EARLY_EXPANSION,"XLY, XLF, XLI, XLK","XLY, XLI, XLK","{'XLY': 0.33333333333333337, 'XLI': 0.33333333333333337, 'XLK': 0.33333333333333337}",2.0000000000000004,826044.642990434
2009-01-31,rebalance,RECESSION,"XLP, XLU, XLV","XLV, XLP","{'XLV': 0.5, 'XLP': 0.5}",2.0,763509.347635756
2009-02-28,rebalance,RECOVERY,"XLY, XLI, XLF","XLY, XLI","{'XLY': 0.5, 'XLI': 0.5}",2.0,684773.3054770314
2009-03-31,rebalance,LATE_EXPANSION,"XLE, XLF, XLP, XLU","XLP, XLE, XLU","{'XLP': 0.33333333333333337, 'XLE': 0.33333333333333337, 'XLU': 0.33333333333333337}",2.0000000000000004,752771.1238265411
2009-04-30,rebalance,RECOVERY,"XLY, XLI, XLF","XLY, XLI","{'XLY': 0.5, 'XLI': 0.5}",2.0,790868.39849629
2009-05-31,rebalance,MID_EXPANSION,"XLK, XLI, XLB","XLB, XLK","{'XLB': 0.5, 'XLK': 0.5}",2.0,808791.4098617923
2009-06-30,rebalance,LATE_EXPANSION,"XLE, XLF, XLP, XLU","XLE, XLP, XLU","{'XLE': 0.33333333333333337, 'XLP': 0.33333333333333337, 'XLU': 0.33333333333333337}",2.0,811077.2272693564
2009-07-31,rebalance,EARLY_EXPANSION,"XLY, XLF, XLI, XLK","XLY, XLK, XLI","{'XLY': 0.33333333333333337, 'XLK': 0.33333333333333337, 'XLI': 0.33333333333333337}",2.0000000000000004,848549.4825450366
2009-08-31,rebalance,RECESSION,"XLP, XLU, XLV","XLV, XLP","{'XLV': 0.5, 'XLP': 0.5}",2.0,888194.0225578166
2009-09-30,rebalance,EARLY_EXPANSION,"XLY, XLF, XLI, XLK","XLI, XLK, XLY","{'XLI': 0.33333333333333337, 'XLK': 0.33333333333333337, 'XLY': 0.33333333333333337}",2.0,907335.6380821158
2009-10-31,rebalance,RECESSION,"XLP, XLU, XLV","XLP, XLU","{'XLP': 0.5, 'XLU': 0.5}",2.0,879838.0426697645
2009-11-30,rebalance,RECOVERY,"XLY, XLI, XLF","XLI, XLY","{'XLI': 0.5, 'XLY': 0.5}",2.0,914269.2207366055
2009-12-31,rebalance,LATE_EXPANSION,"XLE, XLF, XLP, XLU","XLE, XLP, XLU","{'XLE': 0.33333333333333337, 'XLP': 0.33333333333333337, 'XLU': 0.33333333333333337}",2.0000000000000004,953838.39587999
2010-01-31,rebalance,LATE_EXPANSION,"XLE, XLF, XLP, XLU","XLP, XLU, XLE","{'XLP': 0.33333333333333337, 'XLU': 0.33333333333333337, 'XLE': 0.33333333333333337}",0.0,910699.5969535415
2010-02-28,rebalance,EARLY_EXPANSION,"XLY, XLF, XLI, XLK","XLI, XLY, XLK","{'XLI': 0.33333333333333337, 'XLY': 0.33333333333333337, 'XLK': 0.33333333333333337}",2.0000000000000004,925462.8826575037
2010-03-31,rebalance,RECESSION,"XLP, XLU, XLV","XLP, XLV","{'XLP': 0.5, 'XLV': 0.5}",2.0,1001861.8011408692
2010-04-30,rebalance,RECOVERY,"XLY, XLI, XLF","XLI, XLY","{'XLI': 0.5, 'XLY': 0.5}",2.0,980682.0793985352
2010-05-31,rebalance,LATE_EXPANSION,"XLE, XLF, XLP, XLU","XLP, XLU, XLE","{'XLP': 0.33333333333333337, 'XLU': 0.33333333333333337, 'XLE': 0.33333333333333337}",2.0000000000000004,880524.6898475797
2010-06-30,rebalance,RECOVERY,"XLY, XLI, XLF","XLY, XLI","{'XLY': 0.5, 'XLI': 0.5}",2.0,859185.2052978186
2010-07-31,rebalance,LATE_EXPANSION,"XLE, XLF, XLP, XLU","XLU, XLP, XLF","{'XLU': 0.33333333333333337, 'XLP': 0.33333333333333337, 'XLF': 0.33333333333333337}",2.0000000000000004,928345.9372120625
2010-08-31,rebalance,RECESSION,"XLP, XLU, XLV","XLP, XLV","{'XLP': 0.5, 'XLV': 0.5}",1.3333333333333335,897215.0006150895
2010-09-30,rebalance,EARLY_EXPANSION,"XLY, XLF, XLI, XLK","XLK, XLI, XLY","{'XLK': 0.33333333333333337, 'XLI': 0.33333333333333337, 'XLY': 0.33333333333333337}",2.0,965717.2110362159
2010-10-31,rebalance,RECOVERY,"XLY, XLI, XLF","XLY, XLI","{'XLY': 0.5, 'XLI': 0.5}",0.6666666666666666,1006950.3575470254
2010-11-30,rebalance,LATE_EXPANSION,"XLE, XLF, XLP, XLU","XLE, XLP, XLU","{'XLE': 0.33333333333333337, 'XLP': 0.33333333333333337, 'XLU': 0.33333333333333337}",2.0000000000000004,1028477.643489502
2010-12-31,rebalance,RECOVERY,"XLY, XLI, XLF","XLY, XLI","{'XLY': 0.5, 'XLI': 0.5}",2.0,1080716.159135748
2011-01-31,rebalance,LATE_EXPANSION,"XLE, XLF, XLP, XLU","XLE, XLP, XLU","{'XLE': 0.33333333333333337, 'XLP': 0.33333333333333337, 'XLU': 0.33333333333333337}",2.0000000000000004,1089382.1298037488
2011-02-28,rebalance,RECOVERY,"XLY, XLI, XLF","XLI, XLY","{'XLI': 0.5, 'XLY': 0.5}",2.0,1131131.9792419071
2011-03-31,rebalance,LATE_EXPANSION,"XLE, XLF, XLP, XLU","XLF, XLP, XLU","{'XLF': 0.33333333333333337, 'XLP': 0.33333333333333337, 'XLU': 0.33333333333333337}",2.0000000000000004,1146227.4597544754
2011-04-30,rebalance,EARLY_EXPANSION,"XLY, XLF, XLI, XLK","XLY, XLK, XLF","{'XLY': 0.33333333333333337, 'XLK': 0.33333333333333337, 'XLF': 0.33333333333333337}",1.3333333333333335,1177340.8409670158
2011-05-31,rebalance,LATE_EXPANSION,"XLE, XLF, XLP, XLU","XLP, XLU, XLF","{'XLP': 0.33333333333333337, 'XLU': 0.33333333333333337, 'XLF': 0.33333333333333337}",1.3333333333333335,1146631.5491466192
2011-06-30,rebalance,EARLY_EXPANSION,"XLY, XLF, XLI, XLK","XLY, XLK, XLF","{'XLY': 0.33333333333333337, 'XLK': 0.33333333333333337, 'XLF': 0.33333333333333337}",1.3333333333333335,1129406.5128230832
2011-07-31,rebalance,RECESSION,"XLP, XLU, XLV","XLU, XLP","{'XLU': 0.5, 'XLP': 0.5}",2.0,1120685.8187253592
2011-08-31,rebalance,EARLY_EXPANSION,"XLY, XLF, XLI, XLK","XLY, XLK, XLI","{'XLY': 0.33333333333333337, 'XLK': 0.33333333333333337, 'XLI': 0.33333333333333337}",2.0,1127544.4853377861
2011-09-30,rebalance,RECESSION,"XLP, XLU, XLV","XLU, XLP","{'XLU': 0.5, 'XLP': 0.5}",2.0,1089291.9338911374
2011-10-31,rebalance,EARLY_EXPANSION,"XLY, XLF, XLI, XLK","XLK, XLY, XLI","{'XLK': 0.33333333333333337, 'XLY': 0.33333333333333337, 'XLI': 0.33333333333333337}",2.0,1132353.982018636
2011-11-30,rebalance,RECESSION,"XLP, XLU, XLV","XLU, XLP","{'XLU': 0.5, 'XLP': 0.5}",2.0,1063664.5115727761
2011-12-31,rebalance,EARLY_EXPANSION,"XLY, XLF, XLI, XLK","XLI, XLY, XLK","{'XLI': 0.33333333333333337, 'XLY': 0.33333333333333337, 'XLK': 0.33333333333333337}",2.0,1123736.3209625226
2012-01-31,rebalance,RECESSION,"XLP, XLU, XLV","XLV, XLP","{'XLV': 0.5, 'XLP': 0.5}",2.0,1195924.9842288939
2012-02-29,rebalance,EARLY_EXPANSION,"XLY, XLF, XLI, XLK","XLI, XLK, XLY","{'XLI': 0.33333333333333337, 'XLK': 0.33333333333333337, 'XLY': 0.33333333333333337}",2.0,1226892.9221296955
2012-03-31,rebalance,RECESSION,"XLP, XLU, XLV","XLP, XLU","{'XLP': 0.5, 'XLU': 0.5}",2.0,1261282.1970415432
2012-04-30,rebalance,RECOVERY,"XLY, XLI, XLF","XLY, XLI","{'XLY': 0.5, 'XLI': 0.5}",2.0,1273828.712444596
2012-05-31,rebalance,LATE_EXPANSION,"XLE, XLF, XLP, XLU","XLP, XLU, XLF","{'XLP': 0.33333333333333337, 'XLU': 0.33333333333333337, 'XLF': 0.33333333333333337}",2.0000000000000004,1191810.2108939495
2012-06-30,rebalance,EARLY_EXPANSION,"XLY, XLF, XLI, XLK","XLY, XLK, XLI","{'XLY': 0.33333333333333337, 'XLK': 0.33333333333333337, 'XLI': 0.33333333333333337}",2.0000000000000004,1246628.4589372938
2012-07-31,rebalance,LATE_EXPANSION,"XLE, XLF, XLP, XLU","XLU, XLP, XLF","{'XLU': 0.33333333333333337, 'XLP': 0.33333333333333337, 'XLF': 0.33333333333333337}",2.0000000000000004,1257353.9750847542
2012-08-31,rebalance,RECOVERY,"XLY, XLI, XLF","XLY, XLF","{'XLY': 0.5, 'XLF': 0.5}",1.3333333333333335,1240633.6762096714
2012-09-30,rebalance,RECESSION,"XLP, XLU, XLV","XLV, XLU","{'XLV': 0.5, 'XLU': 0.5}",2.0,1286581.9632178028
2012-10-31,rebalance,RECOVERY,"XLY, XLI, XLF","XLY, XLI","{'XLY': 0.5, 'XLI': 0.5}",2.0,1291992.1846696401
2012-11-30,rebalance,EARLY_EXPANSION,"XLY, XLF, XLI, XLK","XLY, XLF, XLI","{'XLY': 0.33333333333333337, 'XLF': 0.33333333333333337, 'XLI': 0.33333333333333337}",0.6666666666666666,1328667.0171427215
2012-12-31,rebalance,RECOVERY,"XLY, XLI, XLF","XLY, XLI","{'XLY': 0.5, 'XLI': 0.5}",0.6666666666666666,1339195.7948779964
2013-01-31,rebalance,LATE_EXPANSION,"XLE, XLF, XLP, XLU","XLF, XLP, XLU","{'XLF': 0.33333333333333337, 'XLP': 0.33333333333333337, 'XLU': 0.33333333333333337}",2.0000000000000004,1448336.7582026778
2013-02-28,rebalance,RECOVERY,"XLY, XLI, XLF","XLI, XLY","{'XLI': 0.5, 'XLY': 0.5}",2.0000000000000004,1479662.102121063
2013-03-31,rebalance,MID_EXPANSION,"XLK, XLI, XLB","XLI, XLK","{'XLI': 0.5, 'XLK': 0.5}",1.0,1531267.9476794787
2013-04-30,rebalance,RECOVERY,"XLY, XLI, XLF","XLY, XLI","{'XLY': 0.5, 'XLI': 0.5}",1.0,1529790.463721595
2013-05-31,rebalance,LATE_EXPANSION,"XLE, XLF, XLP, XLU","XLF, XLP, XLU","{'XLF': 0.33333333333333337, 'XLP': 0.33333333333333337, 'XLU': 0.33333333333333337}",2.0000000000000004,1607635.7334266752
2013-06-30,rebalance,LATE_EXPANSION,"XLE, XLF, XLP, XLU","XLP, XLU, XLE","{'XLP': 0.33333333333333337, 'XLU': 0.33333333333333337, 'XLE': 0.33333333333333337}",0.6666666666666667,1579092.6929865286
2013-07-31,rebalance,LATE_EXPANSION,"XLE, XLF, XLP, XLU","XLP, XLE, XLU","{'XLP': 0.33333333333333337, 'XLE': 0.33333333333333337, 'XLU': 0.33333333333333337}",0.0,1654503.3859697226
2013-08-31,rebalance,MID_EXPANSION,"XLK, XLI, XLB","XLK, XLB","{'XLK': 0.5, 'XLB': 0.5}",2.0,1593940.07553707
2013-09-30,rebalance,LATE_EXPANSION,"XLE, XLF, XLP, XLU","XLE, XLF, XLP","{'XLE': 0.33333333333333337, 'XLF': 0.33333333333333337, 'XLP': 0.33333333333333337}",2.0,1655958.559697707
2013-10-31,rebalance,RECOVERY,"XLY, XLI, XLF","XLI, XLY","{'XLI': 0.5, 'XLY': 0.5}",2.0000000000000004,1727611.9654114505
2013-11-30,rebalance,RECESSION,"XLP, XLU, XLV","XLP, XLU","{'XLP': 0.5, 'XLU': 0.5}",2.0,1789823.964539752
2013-12-31,rebalance,MID_EXPANSION,"XLK, XLI, XLB","XLI, XLK","{'XLI': 0.5, 'XLK': 0.5}",2.0,1800205.4094465117
2014-01-31,rebalance,LATE_EXPANSION,"XLE, XLF, XLP, XLU","XLU, XLP, XLE","{'XLU': 0.33333333333333337, 'XLP': 0.33333333333333337, 'XLE': 0.33333333333333337}",2.0,1750193.405975193
2014-02-28,rebalance,EARLY_EXPANSION,"XLY, XLF, XLI, XLK","XLK, XLY, XLF","{'XLK': 0.33333333333333337, 'XLY': 0.33333333333333337, 'XLF': 0.33333333333333337}",2.0000000000000004,1804195.14888098
2014-03-31,rebalance,RECOVERY,"XLY, XLI, XLF","XLI, XLY","{'XLI': 0.5, 'XLY': 0.5}",1.3333333333333335,1798527.6828496957
2014-04-30,rebalance,EARLY_EXPANSION,"XLY, XLF, XLI, XLK","XLK, XLI, XLF","{'XLK': 0.33333333333333337, 'XLI': 0.33333333333333337, 'XLF': 0.33333333333333337}",1.3333333333333335,1803869.3128562649
2014-05-31,rebalance,RECESSION,"XLP, XLU, XLV","XLU, XLP","{'XLU': 0.5, 'XLP': 0.5}",2.0,1852648.1201004582
2014-06-30,rebalance,EARLY_EXPANSION,"XLY, XLF, XLI, XLK","XLK, XLF, XLY","{'XLK': 0.33333333333333337, 'XLF': 0.33333333333333337, 'XLY': 0.33333333333333337}",2.0,1882576.618137475
2014-07-31,rebalance,RECESSION,"XLP, XLU, XLV","XLV, XLP","{'XLV': 0.5, 'XLP': 0.5}",2.0,1910350.4184584804
2014-08-31,rebalance,MID_EXPANSION,"XLK, XLI, XLB","XLK, XLB","{'XLK': 0.5, 'XLB': 0.5}",2.0,1961096.8130714744
2014-09-30,rebalance,RECOVERY,"XLY, XLI, XLF","XLY, XLI","{'XLY': 0.5, 'XLI': 0.5}",2.0,1949138.4310036353
2014-10-31,rebalance,EARLY_EXPANSION,"XLY, XLF, XLI, XLK","XLK, XLF, XLY","{'XLK': 0.33333333333333337, 'XLF': 0.33333333333333337, 'XLY': 0.33333333333333337}",1.3333333333333335,1979127.2798720878
2014-11-30,rebalance,RECESSION,"XLP, XLU, XLV","XLP, XLU","{'XLP': 0.5, 'XLU': 0.5}",2.0,2086212.5743820472
2014-12-31,rebalance,EARLY_EXPANSION,"XLY, XLF, XLI, XLK","XLF, XLI, XLY","{'XLF': 0.33333333333333337, 'XLI': 0.33333333333333337, 'XLY': 0.33333333333333337}",2.0,2143913.181725241
2015-01-31,rebalance,RECESSION,"XLP, XLU, XLV","XLU, XLP","{'XLU': 0.5, 'XLP': 0.5}",2.0,2028037.3392996404
2015-02-28,rebalance,RECOVERY,"XLY, XLI, XLF","XLY, XLI","{'XLY': 0.5, 'XLI': 0.5}",2.0,2001187.9939676414
2015-03-31,rebalance,LATE_EXPANSION,"XLE, XLF, XLP, XLU","XLP, XLF, XLE","{'XLP': 0.33333333333333337, 'XLF': 0.33333333333333337, 'XLE': 0.33333333333333337}",2.0000000000000004,1983062.449443111
2015-04-30,rebalance,RECESSION,"XLP, XLU, XLV","XLV, XLP","{'XLV': 0.5, 'XLP': 0.5}",1.3333333333333335,2014055.6031595448
2015-05-31,rebalance,RECOVERY,"XLY, XLI, XLF","XLY, XLF","{'XLY': 0.5, 'XLF': 0.5}",2.0,2048656.5662796763
2015-06-30,rebalance,RECESSION,"XLP, XLU, XLV","XLP, XLU","{'XLP': 0.5, 'XLU': 0.5}",2.0,2039323.2755136248
2015-07-31,rebalance,EARLY_EXPANSION,"XLY, XLF, XLI, XLK","XLY, XLK, XLI","{'XLY': 0.33333333333333337, 'XLK': 0.33333333333333337, 'XLI': 0.33333333333333337}",2.0,2140198.3002983974
2015-08-31,rebalance,RECOVERY,"XLY, XLI, XLF","XLY, XLI","{'XLY': 0.5, 'XLI': 0.5}",0.6666666666666666,2030594.2106235733
2015-09-30,rebalance,RECESSION,"XLP, XLU, XLV","XLU, XLP","{'XLU': 0.5, 'XLP': 0.5}",2.0,1944227.2585116117
2015-10-31,rebalance,LATE_EXPANSION,"XLE, XLF, XLP, XLU","XLU, XLP, XLF","{'XLU': 0.33333333333333337, 'XLP': 0.33333333333333337, 'XLF': 0.33333333333333337}",0.6666666666666666,2034991.8173871897
2015-11-30,rebalance,LATE_EXPANSION,"XLE, XLF, XLP, XLU","XLU, XLP, XLF","{'XLU': 0.33333333333333337, 'XLP': 0.33333333333333337, 'XLF': 0.33333333333333337}",0.0,2034387.1620732148
2015-12-31,rebalance,EARLY_EXPANSION,"XLY, XLF, XLI, XLK","XLK, XLY, XLI","{'XLK': 0.33333333333333337, 'XLY': 0.33333333333333337, 'XLI': 0.33333333333333337}",2.0000000000000004,2067666.8048263052
2016-01-31,rebalance,EARLY_EXPANSION,"XLY, XLF, XLI, XLK","XLK, XLI, XLY","{'XLK': 0.33333333333333337, 'XLI': 0.33333333333333337, 'XLY': 0.33333333333333337}",0.0,1944791.612839926
2016-02-29,rebalance,MID_EXPANSION,"XLK, XLI, XLB","XLI, XLK","{'XLI': 0.5, 'XLK': 0.5}",0.6666666666666666,1983351.0738028274
2016-03-31,rebalance,LATE_EXPANSION,"XLE, XLF, XLP, XLU","XLU, XLP, XLF","{'XLU': 0.33333333333333337, 'XLP': 0.33333333333333337, 'XLF': 0.33333333333333337}",2.0,2129848.328833034
2016-04-30,rebalance,RECOVERY,"XLY, XLI, XLF","XLI, XLY","{'XLI': 0.5, 'XLY': 0.5}",2.0000000000000004,2124850.7435589633
2016-05-31,rebalance,LATE_EXPANSION,"XLE, XLF, XLP, XLU","XLU, XLF, XLP","{'XLU': 0.33333333333333337, 'XLF': 0.33333333333333337, 'XLP': 0.33333333333333337}",2.0000000000000004,2120137.5978789176
2016-06-30,rebalance,EARLY_EXPANSION,"XLY, XLF, XLI, XLK","XLI, XLK, XLY","{'XLI': 0.33333333333333337, 'XLK': 0.33333333333333337, 'XLY': 0.33333333333333337}",2.0000000000000004,2141596.1861657156
2016-07-31,rebalance,LATE_EXPANSION,"XLE, XLF, XLP, XLU","XLU, XLF, XLP","{'XLU': 0.33333333333333337, 'XLF': 0.33333333333333337, 'XLP': 0.33333333333333337}",2.0000000000000004,2276492.415155162
2016-08-31,rebalance,RECOVERY,"XLY, XLI, XLF","XLI, XLY","{'XLI': 0.5, 'XLY': 0.5}",2.0000000000000004,2251320.065389435
2016-09-30,rebalance,EARLY_EXPANSION,"XLY, XLF, XLI, XLK","XLK, XLI, XLY","{'XLK': 0.33333333333333337, 'XLI': 0.33333333333333337, 'XLY': 0.33333333333333337}",0.6666666666666666,2220088.943980169
2016-10-31,rebalance,EARLY_EXPANSION,"XLY, XLF, XLI, XLK","XLK, XLI, XLY","{'XLK': 0.33333333333333337, 'XLI': 0.33333333333333337, 'XLY': 0.33333333333333337}",0.0,2195680.209542641
2016-11-30,rebalance,MID_EXPANSION,"XLK, XLI, XLB","XLK, XLB","{'XLK': 0.5, 'XLB': 0.5}",1.3333333333333335,2314256.10173881
2016-12-31,rebalance,RECESSION,"XLP, XLU, XLV","XLP, XLV","{'XLP': 0.5, 'XLV': 0.5}",2.0,2339719.4345493317
2017-01-31,rebalance,RECOVERY,"XLY, XLI, XLF","XLI, XLY","{'XLI': 0.5, 'XLY': 0.5}",2.0,2360024.2094556955
2017-02-28,rebalance,RECESSION,"XLP, XLU, XLV","XLV, XLP","{'XLV': 0.5, 'XLP': 0.5}",2.0,2426694.471783922
2017-03-31,rebalance,EARLY_EXPANSION,"XLY, XLF, XLI, XLK","XLK, XLY, XLI","{'XLK': 0.33333333333333337, 'XLY': 0.33333333333333337, 'XLI': 0.33333333333333337}",2.0,2419519.037656579
2017-04-30,rebalance,EARLY_EXPANSION,"XLY, XLF, XLI, XLK","XLK, XLY, XLI","{'XLK': 0.33333333333333337, 'XLY': 0.33333333333333337, 'XLI': 0.33333333333333337}",0.0,2463701.5899715074
2017-05-31,rebalance,RECESSION,"XLP, XLU, XLV","XLU, XLP","{'XLU': 0.5, 'XLP': 0.5}",2.0,2517307.783432582
2017-06-30,rebalance,LATE_EXPANSION,"XLE, XLF, XLP, XLU","XLU, XLF, XLP","{'XLU': 0.33333333333333337, 'XLF': 0.33333333333333337, 'XLP': 0.33333333333333337}",0.6666666666666666,2461902.186747623
2017-07-31,rebalance,MID_EXPANSION,"XLK, XLI, XLB","XLI, XLB","{'XLI': 0.5, 'XLB': 0.5}",2.0,2492090.9543967335
2017-08-31,rebalance,LATE_EXPANSION,"XLE, XLF, XLP, XLU","XLU, XLF, XLP","{'XLU': 0.33333333333333337, 'XLF': 0.33333333333333337, 'XLP': 0.33333333333333337}",2.0,2477393.20220368
2017-09-30,rebalance,RECOVERY,"XLY, XLI, XLF","XLI, XLY","{'XLI': 0.5, 'XLY': 0.5}",2.0000000000000004,2489757.680165128
2017-10-31,rebalance,RECESSION,"XLP, XLU, XLV","XLV, XLP","{'XLV': 0.5, 'XLP': 0.5}",2.0,2528042.8833708623
2017-11-30,rebalance,EARLY_EXPANSION,"XLY, XLF, XLI, XLK","XLF, XLI, XLY","{'XLF': 0.33333333333333337, 'XLI': 0.33333333333333337, 'XLY': 0.33333333333333337}",2.0,2619449.676950012
2017-12-31,rebalance,RECOVERY,"XLY, XLI, XLF","XLI, XLY","{'XLI': 0.5, 'XLY': 0.5}",0.6666666666666666,2699040.871697943
2018-01-31,rebalance,RECESSION,"XLP, XLU, XLV","XLV, XLP","{'XLV': 0.5, 'XLP': 0.5}",2.0,2895213.775602376
2018-02-28,rebalance,LATE_EXPANSION,"XLE, XLF, XLP, XLU","XLF, XLP, XLU","{'XLF': 0.33333333333333337, 'XLP': 0.33333333333333337, 'XLU': 0.33333333333333337}",1.3333333333333335,2727326.6373977675
2018-03-31,rebalance,LATE_EXPANSION,"XLE, XLF, XLP, XLU","XLE, XLP, XLU","{'XLE': 0.33333333333333337, 'XLP': 0.33333333333333337, 'XLU': 0.33333333333333337}",0.6666666666666667,2685852.0890795696
2018-04-30,rebalance,EARLY_EXPANSION,"XLY, XLF, XLI, XLK","XLY, XLF, XLI","{'XLY': 0.33333333333333337, 'XLF': 0.33333333333333337, 'XLI': 0.33333333333333337}",2.0000000000000004,2757132.1985062743
2018-05-31,rebalance,LATE_EXPANSION,"XLE, XLF, XLP, XLU","XLU, XLF, XLP","{'XLU': 0.33333333333333337, 'XLF': 0.33333333333333337, 'XLP': 0.33333333333333337}",1.3333333333333335,2793307.3696195483
2018-06-30,rebalance,RECESSION,"XLP, XLU, XLV","XLV, XLP","{'XLV': 0.5, 'XLP': 0.5}",1.3333333333333335,2822613.3408154827
2018-07-31,rebalance,RECOVERY,"XLY, XLI, XLF","XLY, XLF","{'XLY': 0.5, 'XLF': 0.5}",2.0,2946880.582818933
2018-08-31,rebalance,RECESSION,"XLP, XLU, XLV","XLV, XLP","{'XLV': 0.5, 'XLP': 0.5}",2.0,3030760.5175832305
2018-09-30,rebalance,MID_EXPANSION,"XLK, XLI, XLB","XLK, XLI","{'XLK': 0.5, 'XLI': 0.5}",2.0,3086699.319859388
2018-10-31,rebalance,LATE_EXPANSION,"XLE, XLF, XLP, XLU","XLP, XLU, XLF","{'XLP': 0.33333333333333337, 'XLU': 0.33333333333333337, 'XLF': 0.33333333333333337}",2.0,2750496.106474597
2018-11-30,rebalance,MID_EXPANSION,"XLK, XLI, XLB","XLI, XLB","{'XLI': 0.5, 'XLB': 0.5}",2.0,2794377.8292573257
2018-12-31,rebalance,LATE_EXPANSION,"XLE, XLF, XLP, XLU","XLU, XLP, XLF","{'XLU': 0.33333333333333337, 'XLP': 0.33333333333333337, 'XLF': 0.33333333333333337}",2.0,2538641.2048056973
2019-01-31,rebalance,EARLY_EXPANSION,"XLY, XLF, XLI, XLK","XLF, XLY, XLI","{'XLF': 0.33333333333333337, 'XLY': 0.33333333333333337, 'XLI': 0.33333333333333337}",1.3333333333333335,2665108.9498798614
2019-02-28,rebalance,EARLY_EXPANSION,"XLY, XLF, XLI, XLK","XLI, XLF, XLY","{'XLI': 0.33333333333333337, 'XLF': 0.33333333333333337, 'XLY': 0.33333333333333337}",0.0,2772558.2563320138
2019-03-31,rebalance,EARLY_EXPANSION,"XLY, XLF, XLI, XLK","XLY, XLI, XLF","{'XLY': 0.33333333333333337, 'XLI': 0.33333333333333337, 'XLF': 0.33333333333333337}",0.0,2760981.1119892676
2019-04-30,rebalance,LATE_EXPANSION,"XLE, XLF, XLP, XLU","XLF, XLP, XLU","{'XLF': 0.33333333333333337, 'XLP': 0.33333333333333337, 'XLU': 0.33333333333333337}",1.3333333333333335,2926556.6665605064
2019-05-31,rebalance,RECESSION,"XLP, XLU, XLV","XLU, XLP","{'XLU': 0.5, 'XLP': 0.5}",0.6666666666666666,2862739.261274149
2019-06-30,rebalance,LATE_EXPANSION,"XLE, XLF, XLP, XLU","XLP, XLU, XLF","{'XLP': 0.33333333333333337, 'XLU': 0.33333333333333337, 'XLF': 0.33333333333333337}",0.6666666666666666,2968097.662382811
2019-07-31,rebalance,RECOVERY,"XLY, XLI, XLF","XLF, XLY","{'XLF': 0.5, 'XLY': 0.5}",1.3333333333333335,3043069.9213618464
2019-08-31,rebalance,EARLY_EXPANSION,"XLY, XLF, XLI, XLK","XLY, XLI, XLF","{'XLY': 0.33333333333333337, 'XLI': 0.33333333333333337, 'XLF': 0.33333333333333337}",0.6666666666666666,2930759.828974298
2019-09-30,rebalance,RECESSION,"XLP, XLU, XLV","XLU, XLP","{'XLU': 0.5, 'XLP': 0.5}",2.0,3008476.558461032
2019-10-31,rebalance,EARLY_EXPANSION,"XLY, XLF, XLI, XLK","XLF, XLI, XLY","{'XLF': 0.33333333333333337, 'XLI': 0.33333333333333337, 'XLY': 0.33333333333333337}",2.0,2990138.917425267
2019-11-30,rebalance,RECESSION,"XLP, XLU, XLV","XLU, XLP","{'XLU': 0.5, 'XLP': 0.5}",2.0,3073709.517172292
2019-12-31,rebalance,RECOVERY,"XLY, XLI, XLF","XLF, XLY","{'XLF': 0.5, 'XLY': 0.5}",2.0,3150719.399023988
2020-01-31,rebalance,RECESSION,"XLP, XLU, XLV","XLU, XLP","{'XLU': 0.5, 'XLP': 0.5}",2.0,3140596.294198588
2020-02-29,rebalance,RECESSION,"XLP, XLU, XLV","XLU, XLP","{'XLU': 0.5, 'XLP': 0.5}",0.0,2831715.835180223
2020-03-31,rebalance,EARLY_EXPANSION,"XLY, XLF, XLI, XLK","XLK, XLY, XLI","{'XLK': 0.33333333333333337, 'XLY': 0.33333333333333337, 'XLI': 0.33333333333333337}",2.0,2696901.2855368
2020-04-30,rebalance,EARLY_EXPANSION,"XLY, XLF, XLI, XLK","XLK, XLY, XLI","{'XLK': 0.33333333333333337, 'XLY': 0.33333333333333337, 'XLI': 0.33333333333333337}",0.0,3045155.014414641
2020-05-31,rebalance,EARLY_EXPANSION,"XLY, XLF, XLI, XLK","XLK, XLY, XLI","{'XLK': 0.33333333333333337, 'XLY': 0.33333333333333337, 'XLI': 0.33333333333333337}",0.0,3207757.1612177966
2020-06-30,rebalance,RECESSION,"XLP, XLU, XLV","XLV, XLP","{'XLV': 0.5, 'XLP': 0.5}",2.0,3297133.4149685754
2020-07-31,rebalance,LATE_EXPANSION,"XLE, XLF, XLP, XLU","XLP, XLF, XLU","{'XLP': 0.33333333333333337, 'XLF': 0.33333333333333337, 'XLU': 0.33333333333333337}",1.3333333333333335,3553104.6894540973
2020-08-31,rebalance,RECESSION,"XLP, XLU, XLV","XLP, XLV","{'XLP': 0.5, 'XLV': 0.5}",1.3333333333333335,3640212.5181802646
2020-09-30,rebalance,EARLY_EXPANSION,"XLY, XLF, XLI, XLK","XLY, XLI, XLF","{'XLY': 0.33333333333333337, 'XLI': 0.33333333333333337, 'XLF': 0.33333333333333337}",2.0,3517705.458343398
2020-10-31,rebalance,RECESSION,"XLP, XLU, XLV","XLU, XLP","{'XLU': 0.5, 'XLP': 0.5}",2.0,3478040.3122488973
2020-11-30,rebalance,EARLY_EXPANSION,"XLY, XLF, XLI, XLK","XLI, XLK, XLY","{'XLI': 0.33333333333333337, 'XLK': 0.33333333333333337, 'XLY': 0.33333333333333337}",2.0,3642572.175791532
2020-12-31,rebalance,RECESSION,"XLP, XLU, XLV","XLV, XLP","{'XLV': 0.5, 'XLP': 0.5}",2.0,3729388.338661723
2021-01-31,rebalance,RECOVERY,"XLY, XLI, XLF","XLY, XLI","{'XLY': 0.5, 'XLI': 0.5}",2.0,3689852.6400946486
2021-02-28,rebalance,LATE_EXPANSION,"XLE, XLF, XLP, XLU","XLF, XLP, XLU","{'XLF': 0.33333333333333337, 'XLP': 0.33333333333333337, 'XLU': 0.33333333333333337}",2.0000000000000004,3802041.159839645
2021-03-31,rebalance,RECOVERY,"XLY, XLI, XLF","XLF, XLI","{'XLF': 0.5, 'XLI': 0.5}",1.3333333333333335,4119645.2870558905
2021-04-30,rebalance,RECOVERY,"XLY, XLI, XLF","XLF, XLI","{'XLF': 0.5, 'XLI': 0.5}",0.0,4333094.690202019
2021-05-31,rebalance,RECOVERY,"XLY, XLI, XLF","XLF, XLI","{'XLF': 0.5, 'XLI': 0.5}",0.0,4469786.934890652
2021-06-30,rebalance,LATE_EXPANSION,"XLE, XLF, XLP, XLU","XLF, XLP, XLU","{'XLF': 0.33333333333333337, 'XLP': 0.33333333333333337, 'XLU': 0.33333333333333337}",1.3333333333333335,4325005.345591809
2021-07-31,rebalance,RECOVERY,"XLY, XLI, XLF","XLY, XLI","{'XLY': 0.5, 'XLI': 0.5}",2.0000000000000004,4426135.656410015
2021-08-31,rebalance,RECOVERY,"XLY, XLI, XLF","XLY, XLI","{'XLY': 0.5, 'XLI': 0.5}",0.0,4487179.575886297
2021-09-30,rebalance,RECESSION,"XLP, XLU, XLV","XLV, XLP","{'XLV': 0.5, 'XLP': 0.5}",2.0,4383184.042198173
2021-10-31,rebalance,EARLY_EXPANSION,"XLY, XLF, XLI, XLK","XLY, XLK, XLI","{'XLY': 0.33333333333333337, 'XLK': 0.33333333333333337, 'XLI': 0.33333333333333337}",2.0,4498863.106982693
2021-11-30,rebalance,RECESSION,"XLP, XLU, XLV","XLV, XLP","{'XLV': 0.5, 'XLP': 0.5}",2.0,4603902.5665823985
2021-12-31,rebalance,EARLY_EXPANSION,"XLY, XLF, XLI, XLK","XLY, XLI, XLF","{'XLY': 0.33333333333333337, 'XLI': 0.33333333333333337, 'XLF': 0.33333333333333337}",2.0,4927124.0372950705
2022-01-31,rebalance,LATE_EXPANSION,"XLE, XLF, XLP, XLU","XLP, XLU, XLF","{'XLP': 0.33333333333333337, 'XLU': 0.33333333333333337, 'XLF': 0.33333333333333337}",1.3333333333333335,4598399.29366145
2022-02-28,rebalance,EARLY_EXPANSION,"XLY, XLF, XLI, XLK","XLK, XLI, XLF","{'XLK': 0.33333333333333337, 'XLI': 0.33333333333333337, 'XLF': 0.33333333333333337}",1.3333333333333335,4608500.836151063
2022-03-31,rebalance,EARLY_EXPANSION,"XLY, XLF, XLI, XLK","XLI, XLF, XLK","{'XLI': 0.33333333333333337, 'XLF': 0.33333333333333337, 'XLK': 0.33333333333333337}",0.0,4779904.7504139235
2022-04-30,rebalance,RECESSION,"XLP, XLU, XLV","XLP, XLU","{'XLP': 0.5, 'XLU': 0.5}",2.0,4249531.215195297
2022-05-31,rebalance,EARLY_EXPANSION,"XLY, XLF, XLI, XLK","XLI, XLK, XLF","{'XLI': 0.33333333333333337, 'XLK': 0.33333333333333337, 'XLF': 0.33333333333333337}",2.0,4293499.013262904
2022-06-30,rebalance,RECESSION,"XLP, XLU, XLV","XLU, XLV","{'XLU': 0.5, 'XLV': 0.5}",2.0000000000000004,3898279.4926913553
2022-07-31,rebalance,EARLY_EXPANSION,"XLY, XLF, XLI, XLK","XLI, XLK, XLF","{'XLI': 0.33333333333333337, 'XLK': 0.33333333333333337, 'XLF': 0.33333333333333337}",2.0,4083144.551977518
2022-08-31,rebalance,RECESSION,"XLP, XLU, XLV","XLV, XLP","{'XLV': 0.5, 'XLP': 0.5}",2.0,3963270.2928191726
2022-09-30,rebalance,LATE_EXPANSION,"XLE, XLF, XLP, XLU","XLP, XLU, XLF","{'XLP': 0.33333333333333337, 'XLU': 0.33333333333333337, 'XLF': 0.33333333333333337}",1.3333333333333335,3782733.3138663974
2022-10-31,rebalance,EARLY_EXPANSION,"XLY, XLF, XLI, XLK","XLI, XLF, XLY","{'XLI': 0.33333333333333337, 'XLF': 0.33333333333333337, 'XLY': 0.33333333333333337}",1.3333333333333335,4033662.988731903
2022-11-30,rebalance,EARLY_EXPANSION,"XLY, XLF, XLI, XLK","XLI, XLF, XLY","{'XLI': 0.33333333333333337, 'XLF': 0.33333333333333337, 'XLY': 0.33333333333333337}",0.0,4132975.099990654
2022-12-31,rebalance,LATE_EXPANSION,"XLE, XLF, XLP, XLU","XLF, XLP, XLU","{'XLF': 0.33333333333333337, 'XLP': 0.33333333333333337, 'XLU': 0.33333333333333337}",1.3333333333333335,3948488.129329615
2023-01-31,rebalance,LATE_EXPANSION,"XLE, XLF, XLP, XLU","XLF, XLP, XLU","{'XLF': 0.33333333333333337, 'XLP': 0.33333333333333337, 'XLU': 0.33333333333333337}",0.0,3951749.7243693904
2023-02-28,rebalance,RECOVERY,"XLY, XLI, XLF","XLI, XLF","{'XLI': 0.5, 'XLF': 0.5}",1.3333333333333335,3884571.6070429627
2023-03-31,rebalance,EARLY_EXPANSION,"XLY, XLF, XLI, XLK","XLK, XLI, XLF","{'XLK': 0.33333333333333337, 'XLI': 0.33333333333333337, 'XLF': 0.33333333333333337}",0.6666666666666666,3659998.4853622555
2023-04-30,rebalance,LATE_EXPANSION,"XLE, XLF, XLP, XLU","XLP, XLF, XLU","{'XLP': 0.33333333333333337, 'XLF': 0.33333333333333337, 'XLU': 0.33333333333333337}",1.3333333333333335,3729410.612060302
2023-05-31,rebalance,EARLY_EXPANSION,"XLY, XLF, XLI, XLK","XLY, XLI, XLF","{'XLY': 0.33333333333333337, 'XLI': 0.33333333333333337, 'XLF': 0.33333333333333337}",1.3333333333333335,3526255.2083857073
2023-06-30,rebalance,LATE_EXPANSION,"XLE, XLF, XLP, XLU","XLP, XLU, XLF","{'XLP': 0.33333333333333337, 'XLU': 0.33333333333333337, 'XLF': 0.33333333333333337}",1.3333333333333335,3796781.459224967
2023-07-31,rebalance,RECOVERY,"XLY, XLI, XLF","XLI, XLF","{'XLI': 0.5, 'XLF': 0.5}",1.3333333333333335,3952006.845367513
2023-08-31,rebalance,EARLY_EXPANSION,"XLY, XLF, XLI, XLK","XLK, XLI, XLF","{'XLK': 0.33333333333333337, 'XLI': 0.33333333333333337, 'XLF': 0.33333333333333337}",0.6666666666666666,3885024.537174805
2023-09-30,rebalance,LATE_EXPANSION,"XLE, XLF, XLP, XLU","XLF, XLP, XLU","{'XLF': 0.33333333333333337, 'XLP': 0.33333333333333337, 'XLU': 0.33333333333333337}",1.3333333333333335,3678987.729069981
2023-10-31,rebalance,RECOVERY,"XLY, XLI, XLF","XLF, XLI","{'XLF': 0.5, 'XLI': 0.5}",1.3333333333333335,3619169.2020893735
2023-11-30,rebalance,LATE_EXPANSION,"XLE, XLF, XLP, XLU","XLF, XLP, XLU","{'XLF': 0.33333333333333337, 'XLP': 0.33333333333333337, 'XLU': 0.33333333333333337}",1.3333333333333335,3966556.4429514734
2023-12-31,rebalance,LATE_EXPANSION,"XLE, XLF, XLP, XLU","XLF, XLU, XLP","{'XLF': 0.33333333333333337, 'XLU': 0.33333333333333337, 'XLP': 0.33333333333333337}",0.0,4129260.291198958
2024-01-31,rebalance,MID_EXPANSION,"XLK, XLI, XLB","XLI, XLB","{'XLI': 0.5, 'XLB': 0.5}",2.0,4177863.4496850623
2024-02-29,rebalance,EARLY_EXPANSION,"XLY, XLF, XLI, XLK","XLF, XLI, XLY","{'XLF': 0.33333333333333337, 'XLI': 0.33333333333333337, 'XLY': 0.33333333333333337}",1.3333333333333335,4381641.807384525
2024-03-31,rebalance,LATE_EXPANSION,"XLE, XLF, XLP, XLU","XLF, XLE, XLP","{'XLF': 0.33333333333333337, 'XLE': 0.33333333333333337, 'XLP': 0.33333333333333337}",1.3333333333333335,4525992.049323151
2024-04-30,rebalance,EARLY_EXPANSION,"XLY, XLF, XLI, XLK","XLF, XLI, XLY","{'XLF': 0.33333333333333337, 'XLI': 0.33333333333333337, 'XLY': 0.33333333333333337}",1.3333333333333335,4495338.40976194
2024-05-31,rebalance,RECESSION,"XLP, XLU, XLV","XLP, XLV","{'XLP': 0.5, 'XLV': 0.5}",2.0,4443456.684227614
2024-06-30,rebalance,RECESSION,"XLP, XLU, XLV","XLP, XLV","{'XLP': 0.5, 'XLV': 0.5}",0.0,4542045.471700918
2024-07-31,rebalance,LATE_EXPANSION,"XLE, XLF, XLP, XLU","XLU, XLF, XLP","{'XLU': 0.33333333333333337, 'XLF': 0.33333333333333337, 'XLP': 0.33333333333333337}",1.3333333333333335,4653430.440882853
2024-08-31,rebalance,RECOVERY,"XLY, XLI, XLF","XLF, XLI","{'XLF': 0.5, 'XLI': 0.5}",1.3333333333333335,4904150.386242273
2024-09-30,rebalance,EARLY_EXPANSION,"XLY, XLF, XLI, XLK","XLY, XLF, XLI","{'XLY': 0.33333333333333337, 'XLF': 0.33333333333333337, 'XLI': 0.33333333333333337}",0.6666666666666666,4948729.899660636
2024-10-31,rebalance,RECOVERY,"XLY, XLI, XLF","XLF, XLI","{'XLF': 0.5, 'XLI': 0.5}",0.6666666666666666,5019521.326936462
2024-11-30,rebalance,MID_EXPANSION,"XLK, XLI, XLB","XLI, XLB","{'XLI': 0.5, 'XLB': 0.5}",1.0,5401695.1014427785
2024-12-31,rebalance,RECOVERY,"XLY, XLI, XLF","XLF, XLI","{'XLF': 0.5, 'XLI': 0.5}",1.0,4884507.581456078
2025-01-31,rebalance,EARLY_EXPANSION,"XLY, XLF, XLI, XLK","XLY, XLF, XLI","{'XLY': 0.33333333333333337, 'XLF': 0.33333333333333337, 'XLI': 0.33333333333333337}",0.6666666666666666,5196428.018404687
2025-02-28,rebalance,RECESSION,"XLP, XLU, XLV","XLP, XLV","{'XLP': 0.5, 'XLV': 0.5}",2.0,4957778.694028309
2025-03-31,rebalance,LATE_EXPANSION,"XLE, XLF, XLP, XLU","XLP, XLF, XLU","{'XLP': 0.33333333333333337, 'XLF': 0.33333333333333337, 'XLU': 0.33333333333333337}",1.3333333333333335,4882653.4369296385
2025-04-30,rebalance,EARLY_EXPANSION,"XLY, XLF, XLI, XLK","XLF, XLI, XLY","{'XLF': 0.33333333333333337, 'XLI': 0.33333333333333337, 'XLY': 0.33333333333333337}",1.3333333333333335,4909457.550533302
2025-05-31,rebalance,LATE_EXPANSION,"XLE, XLF, XLP, XLU","XLP, XLU, XLF","{'XLP': 0.33333333333333337, 'XLU': 0.33333333333333337, 'XLF': 0.33333333333333337}",1.3333333333333335,5261594.50485601
2025-06-30,rebalance,LATE_EXPANSION,"XLE, XLF, XLP, XLU","XLU, XLF, XLP","{'XLU': 0.33333333333333337, 'XLF': 0.33333333333333337, 'XLP': 0.33333333333333337}",0.0,5260692.8939821515
2025-07-31,rebalance,RECESSION,"XLP, XLU, XLV","XLU, XLP","{'XLU': 0.5, 'XLP': 0.5}",0.6666666666666666,5368311.722788762
2025-08-31,rebalance,RECOVERY,"XLY, XLI, XLF","XLI, XLF","{'XLI': 0.5, 'XLF': 0.5}",2.0,5349618.825286966
2025-09-30,rebalance,LATE_EXPANSION,"XLE, XLF, XLP, XLU","XLU, XLF, XLP","{'XLU': 0.33333333333333337, 'XLF': 0.33333333333333337, 'XLP': 0.33333333333333337}",1.3333333333333335,5390039.033228559
2025-10-31,rebalance,EARLY_EXPANSION,"XLY, XLF, XLI, XLK","XLY, XLI, XLF","{'XLY': 0.33333333333333337, 'XLI': 0.33333333333333337, 'XLF': 0.33333333333333337}",1.3333333333333335,5341124.501171255
